clip_id,scene,shot,clip_of,seconds,location,still_used,status,take_file,qc_notes
S01-1A,1,1A,1/1,5,LOC-01,,TODO,,
S01-1B,1,1B,1/1,7,LOC-01,,TODO,,
S01-1C,1,1C,1/1,6,LOC-01,,TODO,,
S01-1D,1,1D,1/1,5,LOC-01,,TODO,,
S01-1E,1,1E,1/1,6,LOC-01,,TODO,,
S01-1F-a,1,1F,1/2,5,LOC-01,,TODO,,
S01-1F-b,1,1F,2/2,4,LOC-01,,TODO,,
S01-1G,1,1G,1/1,8,LOC-01,,TODO,,
S01-1H,1,1H,1/1,5,LOC-01,,TODO,,
S01-1I,1,1I,1/1,3,LOC-01,,TODO,,
S01-1J,1,1J,1/1,6,LOC-01,,TODO,,
S02-2A,2,2A,1/1,8,LOC-02,,TODO,,
S02-2B,2,2B,1/1,7,LOC-02,,TODO,,
S02-2C,2,2C,1/1,5,LOC-02,,TODO,,
S02-2D,2,2D,1/1,4,LOC-02,,TODO,,
S02-2E,2,2E,1/1,6,LOC-02,,TODO,,
S02-2F,2,2F,1/1,5,LOC-02,,TODO,,
S02-2G,2,2G,1/1,6,LOC-02,,TODO,,
S02-2H,2,2H,1/1,8,LOC-02,,TODO,,
S03-3A-a,3,3A,1/2,5,LOC-03 / LOC-10,,TODO,,
S03-3A-b,3,3A,2/2,4,LOC-03 / LOC-10,,TODO,,
S03-3B,3,3B,1/1,8,LOC-03 / LOC-10,,TODO,,
S03-3C,3,3C,1/1,6,LOC-03 / LOC-10,,TODO,,
S03-3D,3,3D,1/1,7,LOC-03 / LOC-10,,TODO,,
S03-3E,3,3E,1/1,4,LOC-03 / LOC-10,,TODO,,
S03-3F-a,3,3F,1/2,5,LOC-03 / LOC-10,,TODO,,
S03-3F-b,3,3F,2/2,4,LOC-03 / LOC-10,,TODO,,
S03-3G,3,3G,1/1,3,LOC-03 / LOC-10,,TODO,,
S03-3H,3,3H,1/1,2,LOC-03 / LOC-10,,TODO,,
S03-3I,3,3I,1/1,8,LOC-03 / LOC-10,,TODO,,
S03-3J,3,3J,1/1,5,LOC-03 / LOC-10,,TODO,,
S03-3K,3,3K,1/1,7,LOC-03 / LOC-10,,TODO,,
S04-4A,4,4A,1/1,6,LOC-03,,TODO,,
S04-4B,4,4B,1/1,8,LOC-03,,TODO,,
S04-4C,4,4C,1/1,7,LOC-03,,TODO,,
S04-4D,4,4D,1/1,4,LOC-03,,TODO,,
S04-4E,4,4E,1/1,4,LOC-03,,TODO,,
S04-4F-a,4,4F,1/2,5,LOC-03,,TODO,,
S04-4F-b,4,4F,2/2,5,LOC-03,,TODO,,
S04-4G,4,4G,1/1,8,LOC-03,,TODO,,
S04-4H,4,4H,1/1,4,LOC-03,,TODO,,
S04-4I,4,4I,1/1,5,LOC-03,,TODO,,
S05-5A,5,5A,1/1,8,LOC-04,,TODO,,
S05-5B,5,5B,1/1,6,LOC-04,,TODO,,
S05-5C-a,5,5C,1/2,5,LOC-04,,TODO,,
S05-5C-b,5,5C,2/2,4,LOC-04,,TODO,,
S05-5D,5,5D,1/1,5,LOC-04,,TODO,,
S05-5E-a,5,5E,1/2,7,LOC-04,,TODO,,
S05-5E-b,5,5E,2/2,7,LOC-04,,TODO,,
S05-5F,5,5F,1/1,6,LOC-04,,TODO,,
S05-5G,5,5G,1/1,5,LOC-04,,TODO,,
S05-5H,5,5H,1/1,8,LOC-04,,TODO,,
S06-6A,6,6A,1/1,8,LOC-03,,TODO,,
S06-6B,6,6B,1/1,7,LOC-03,,TODO,,
S06-6C,6,6C,1/1,6,LOC-03,,TODO,,
S06-6D,6,6D,1/1,6,LOC-03,,TODO,,
S06-6E,6,6E,1/1,4,LOC-03,,TODO,,
S06-6F,6,6F,1/1,6,LOC-03,,TODO,,
S06-6G,6,6G,1/1,5,LOC-03,,TODO,,
S06-6H,6,6H,1/1,4,LOC-03,,TODO,,
S06-6I-a,6,6I,1/2,5,LOC-03,,TODO,,
S06-6I-b,6,6I,2/2,4,LOC-03,,TODO,,
S06-6J,6,6J,1/1,7,LOC-03,,TODO,,
S06-6K,6,6K,1/1,6,LOC-03,,TODO,,
S06-6L,6,6L,1/1,6,LOC-03,,TODO,,
S06-6M,6,6M,1/1,7,LOC-03,,TODO,,
S07-7A,7,7A,1/1,6,LOC-06,,TODO,,
S07-7B,7,7B,1/1,8,LOC-06,,TODO,,
S07-7C,7,7C,1/1,5,LOC-06,,TODO,,
S07-7D,7,7D,1/1,6,LOC-06,,TODO,,
S07-7E-a,7,7E,1/2,8,LOC-06,,TODO,,
S07-7E-b,7,7E,2/2,8,LOC-06,,TODO,,
S07-7F-a,7,7F,1/2,5,LOC-06,,TODO,,
S07-7F-b,7,7F,2/2,4,LOC-06,,TODO,,
S08-8A,8,8A,1/1,7,LOC-04,,TODO,,
S08-8B,8,8B,1/1,6,LOC-04,,TODO,,
S08-8C-a,8,8C,1/2,5,LOC-04,,TODO,,
S08-8C-b,8,8C,2/2,5,LOC-04,,TODO,,
S08-8D,8,8D,1/1,4,LOC-04,,TODO,,
S08-8E-a,8,8E,1/2,7,LOC-04,,TODO,,
S08-8E-b,8,8E,2/2,7,LOC-04,,TODO,,
S08-8F-a,8,8F,1/2,8,LOC-04,,TODO,,
S08-8F-b,8,8F,2/2,8,LOC-04,,TODO,,
S08-8G,8,8G,1/1,5,LOC-04,,TODO,,
S09-9A,9,9A,1/1,5,LOC-04,,TODO,,
S09-9B,9,9B,1/1,7,LOC-04,,TODO,,
S09-9C,9,9C,1/1,7,LOC-04,,TODO,,
S09-9D,9,9D,1/1,6,LOC-04,,TODO,,
S09-9E,9,9E,1/1,7,LOC-04,,TODO,,
S09-9F,9,9F,1/1,7,LOC-04,,TODO,,
S09-9G,9,9G,1/1,8,LOC-04,,TODO,,
S09-9H,9,9H,1/1,8,LOC-04,,TODO,,
S09-9I,9,9I,1/1,8,LOC-04,,TODO,,
S10-10A,10,10A,1/1,8,LOC-07,,TODO,,
S10-10B,10,10B,1/1,7,LOC-07,,TODO,,
S10-10C,10,10C,1/1,6,LOC-07,,TODO,,
S10-10D,10,10D,1/1,6,LOC-07,,TODO,,
S10-10E,10,10E,1/1,6,LOC-07,,TODO,,
S10-10F,10,10F,1/1,6,LOC-07,,TODO,,
S10-10G,10,10G,1/1,5,LOC-07,,TODO,,
S10-10H,10,10H,1/1,3,LOC-07,,TODO,,
S10-10I,10,10I,1/1,6,LOC-07,,TODO,,
S10-10J,10,10J,1/1,8,LOC-07,,TODO,,
S10-10K,10,10K,1/1,7,LOC-07,,TODO,,
S11-11A-a,11,11A,1/2,5,LOC-05,,TODO,,
S11-11A-b,11,11A,2/2,5,LOC-05,,TODO,,
S11-11B,11,11B,1/1,6,LOC-05,,TODO,,
S11-11C,11,11C,1/1,8,LOC-05,,TODO,,
S11-11D,11,11D,1/1,6,LOC-05,,TODO,,
S11-11E-a,11,11E,1/3,8,LOC-05,,TODO,,
S11-11E-b,11,11E,2/3,7,LOC-05,,TODO,,
S11-11E-c,11,11E,3/3,7,LOC-05,,TODO,,
S11-11F,11,11F,1/1,8,LOC-05,,TODO,,
S11-11G,11,11G,1/1,4,LOC-05,,TODO,,
S11-11H,11,11H,1/1,7,LOC-05,,TODO,,
S11-11I-a,11,11I,1/4,7,LOC-05,,TODO,,
S11-11I-b,11,11I,2/4,7,LOC-05,,TODO,,
S11-11I-c,11,11I,3/4,7,LOC-05,,TODO,,
S11-11I-d,11,11I,4/4,7,LOC-05,,TODO,,
S11-11J-a,11,11J,1/2,5,LOC-05,,TODO,,
S11-11J-b,11,11J,2/2,4,LOC-05,,TODO,,
S11-11K,11,11K,1/1,5,LOC-05,,TODO,,
S11-11L-a,11,11L,1/2,7,LOC-05,,TODO,,
S11-11L-b,11,11L,2/2,7,LOC-05,,TODO,,
S12-12A-a,12,12A,1/2,5,LOC-05,,TODO,,
S12-12A-b,12,12A,2/2,4,LOC-05,,TODO,,
S12-12B-a,12,12B,1/2,6,LOC-05,,TODO,,
S12-12B-b,12,12B,2/2,6,LOC-05,,TODO,,
S12-12C,12,12C,1/1,7,LOC-05,,TODO,,
S12-12D,12,12D,1/1,5,LOC-05,,TODO,,
S12-12E-a,12,12E,1/2,5,LOC-05,,TODO,,
S12-12E-b,12,12E,2/2,5,LOC-05,,TODO,,
S12-12F,12,12F,1/1,8,LOC-05,,TODO,,
S12-12G-a,12,12G,1/2,5,LOC-05,,TODO,,
S12-12G-b,12,12G,2/2,4,LOC-05,,TODO,,
S12-12H,12,12H,1/1,8,LOC-05,,TODO,,
S13-13A,13,13A,1/1,6,LOC-05 + LOC-01,,TODO,,
S13-13B-a,13,13B,1/2,5,LOC-05 + LOC-01,,TODO,,
S13-13B-b,13,13B,2/2,5,LOC-05 + LOC-01,,TODO,,
S13-13C,13,13C,1/1,8,LOC-05 + LOC-01,,TODO,,
S13-13D,13,13D,1/1,4,LOC-05 + LOC-01,,TODO,,
S13-13E,13,13E,1/1,1,LOC-05 + LOC-01,,TODO,,
S13-13F,13,13F,1/1,5,LOC-05 + LOC-01,,TODO,,
S13-13G-a,13,13G,1/2,5,LOC-05 + LOC-01,,TODO,,
S13-13G-b,13,13G,2/2,4,LOC-05 + LOC-01,,TODO,,
S14-14A-a,14,14A,1/2,5,LOC-06,,TODO,,
S14-14A-b,14,14A,2/2,4,LOC-06,,TODO,,
S14-14B,14,14B,1/1,7,LOC-06,,TODO,,
S14-14C,14,14C,1/1,8,LOC-06,,TODO,,
S14-14D,14,14D,1/1,4,LOC-06,,TODO,,
S14-14E,14,14E,1/1,7,LOC-06,,TODO,,
S14-14F,14,14F,1/1,7,LOC-06,,TODO,,
S14-14G,14,14G,1/1,6,LOC-06,,TODO,,
S14-14H,14,14H,1/1,6,LOC-06,,TODO,,
S15-15A,15,15A,1/1,8,LOC-06 + LOC-01,,TODO,,
S15-15B,15,15B,1/1,6,LOC-06 + LOC-01,,TODO,,
S15-15C,15,15C,1/1,5,LOC-06 + LOC-01,,TODO,,
S15-15D,15,15D,1/1,8,LOC-06 + LOC-01,,TODO,,
S15-15E,15,15E,1/1,6,LOC-06 + LOC-01,,TODO,,
S15-15F,15,15F,1/1,7,LOC-06 + LOC-01,,TODO,,
S15-15G,15,15G,1/1,5,LOC-06 + LOC-01,,TODO,,
S15-15H-a,15,15H,1/2,7,LOC-06 + LOC-01,,TODO,,
S15-15H-b,15,15H,2/2,6,LOC-06 + LOC-01,,TODO,,
S15-15I,15,15I,1/1,8,LOC-06 + LOC-01,,TODO,,
S15-15J-a,15,15J,1/3,6,LOC-06 + LOC-01,,TODO,,
S15-15J-b,15,15J,2/3,6,LOC-06 + LOC-01,,TODO,,
S15-15J-c,15,15J,3/3,6,LOC-06 + LOC-01,,TODO,,
S15-15K,15,15K,1/1,5,LOC-06 + LOC-01,,TODO,,
S15-15L-a,15,15L,1/2,6,LOC-06 + LOC-01,,TODO,,
S15-15L-b,15,15L,2/2,5,LOC-06 + LOC-01,,TODO,,
S16-16A,16,16A,1/1,6,LOC-06,,TODO,,
S16-16B,16,16B,1/1,7,LOC-06,,TODO,,
S16-16C,16,16C,1/1,5,LOC-06,,TODO,,
S16-16D,16,16D,1/1,8,LOC-06,,TODO,,
S16-16E,16,16E,1/1,6,LOC-06,,TODO,,
S16-16F-a,16,16F,1/3,6,LOC-06,,TODO,,
S16-16F-b,16,16F,2/3,6,LOC-06,,TODO,,
S16-16F-c,16,16F,3/3,6,LOC-06,,TODO,,
S16-16G-a,16,16G,1/2,5,LOC-06,,TODO,,
S16-16G-b,16,16G,2/2,5,LOC-06,,TODO,,
S16-16H,16,16H,1/1,6,LOC-06,,TODO,,
S17-17A-a,17,17A,1/2,6,Concord mind-space (LOC-05 restored),,TODO,,
S17-17A-b,17,17A,2/2,5,Concord mind-space (LOC-05 restored),,TODO,,
S17-17B-a,17,17B,1/2,5,Concord mind-space (LOC-05 restored),,TODO,,
S17-17B-b,17,17B,2/2,4,Concord mind-space (LOC-05 restored),,TODO,,
S17-17C,17,17C,1/1,6,Concord mind-space (LOC-05 restored),,TODO,,
S17-17D-a,17,17D,1/2,7,Concord mind-space (LOC-05 restored),,TODO,,
S17-17D-b,17,17D,2/2,7,Concord mind-space (LOC-05 restored),,TODO,,
S17-17E,17,17E,1/1,8,Concord mind-space (LOC-05 restored),,TODO,,
S17-17F-a,17,17F,1/3,7,Concord mind-space (LOC-05 restored),,TODO,,
S17-17F-b,17,17F,2/3,7,Concord mind-space (LOC-05 restored),,TODO,,
S17-17F-c,17,17F,3/3,6,Concord mind-space (LOC-05 restored),,TODO,,
S17-17G,17,17G,1/1,8,Concord mind-space (LOC-05 restored),,TODO,,
S17-17H-a,17,17H,1/2,8,Concord mind-space (LOC-05 restored),,TODO,,
S17-17H-b,17,17H,2/2,8,Concord mind-space (LOC-05 restored),,TODO,,
S17-17I-a,17,17I,1/2,6,Concord mind-space (LOC-05 restored),,TODO,,
S17-17I-b,17,17I,2/2,5,Concord mind-space (LOC-05 restored),,TODO,,
S17-17J,17,17J,1/1,6,Concord mind-space (LOC-05 restored),,TODO,,
S18-18A-a,18,18A,1/2,5,LOC-10,,TODO,,
S18-18A-b,18,18A,2/2,5,LOC-10,,TODO,,
S18-18B-a,18,18B,1/2,5,LOC-10,,TODO,,
S18-18B-b,18,18B,2/2,4,LOC-10,,TODO,,
S18-18C,18,18C,1/1,6,LOC-10,,TODO,,
S18-18D-a,18,18D,1/2,6,LOC-10,,TODO,,
S18-18D-b,18,18D,2/2,5,LOC-10,,TODO,,
S18-18E-a,18,18E,1/2,5,LOC-10,,TODO,,
S18-18E-b,18,18E,2/2,5,LOC-10,,TODO,,
S18-18F,18,18F,1/1,6,LOC-10,,TODO,,
S18-18G,18,18G,1/1,8,LOC-10,,TODO,,
S18-18H,18,18H,1/1,6,LOC-10,,TODO,,
S18-18I,18,18I,1/1,7,LOC-10,,TODO,,
S18-18J,18,18J,1/1,5,LOC-10,,TODO,,
S18-18K,18,18K,1/1,7,LOC-10,,TODO,,
S18-18L-a,18,18L,1/2,5,LOC-10,,TODO,,
S18-18L-b,18,18L,2/2,4,LOC-10,,TODO,,
S18-18M,18,18M,1/1,5,LOC-10,,TODO,,
S18-18N-a,18,18N,1/2,6,LOC-10,,TODO,,
S18-18N-b,18,18N,2/2,6,LOC-10,,TODO,,
S18-18O-a,18,18O,1/2,5,LOC-10,,TODO,,
S18-18O-b,18,18O,2/2,4,LOC-10,,TODO,,
S19-19A-a,19,19A,1/2,5,LOC-03 underside,,TODO,,
S19-19A-b,19,19A,2/2,4,LOC-03 underside,,TODO,,
S19-19B,19,19B,1/1,7,LOC-03 underside,,TODO,,
S19-19C,19,19C,1/1,6,LOC-03 underside,,TODO,,
S19-19D,19,19D,1/1,6,LOC-03 underside,,TODO,,
S19-19E,19,19E,1/1,6,LOC-03 underside,,TODO,,
S19-19F,19,19F,1/1,6,LOC-03 underside,,TODO,,
S19-19G-a,19,19G,1/2,7,LOC-03 underside,,TODO,,
S19-19G-b,19,19G,2/2,7,LOC-03 underside,,TODO,,
S19-19H-a,19,19H,1/2,8,LOC-03 underside,,TODO,,
S19-19H-b,19,19H,2/2,8,LOC-03 underside,,TODO,,
S19-19I-a,19,19I,1/2,8,LOC-03 underside,,TODO,,
S19-19I-b,19,19I,2/2,8,LOC-03 underside,,TODO,,
S20-20A-a,20,20A,1/2,5,LOC-04 (burnt),,TODO,,
S20-20A-b,20,20A,2/2,5,LOC-04 (burnt),,TODO,,
S20-20B,20,20B,1/1,5,LOC-04 (burnt),,TODO,,
S20-20C-a,20,20C,1/2,7,LOC-04 (burnt),,TODO,,
S20-20C-b,20,20C,2/2,7,LOC-04 (burnt),,TODO,,
S20-20D,20,20D,1/1,6,LOC-04 (burnt),,TODO,,
S20-20E-a,20,20E,1/2,8,LOC-04 (burnt),,TODO,,
S20-20E-b,20,20E,2/2,8,LOC-04 (burnt),,TODO,,
S20-20F-a,20,20F,1/2,8,LOC-04 (burnt),,TODO,,
S20-20F-b,20,20F,2/2,8,LOC-04 (burnt),,TODO,,
S20-20G,20,20G,1/1,4,LOC-04 (burnt),,TODO,,
S20-20H-a,20,20H,1/2,7,LOC-04 (burnt),,TODO,,
S20-20H-b,20,20H,2/2,7,LOC-04 (burnt),,TODO,,
S20-20I-a,20,20I,1/2,5,LOC-04 (burnt),,TODO,,
S20-20I-b,20,20I,2/2,4,LOC-04 (burnt),,TODO,,
S21-21A-a,21,21A,1/2,5,LOC-06 + LOC-03,,TODO,,
S21-21A-b,21,21A,2/2,4,LOC-06 + LOC-03,,TODO,,
S21-21B-a,21,21B,1/2,5,LOC-06 + LOC-03,,TODO,,
S21-21B-b,21,21B,2/2,5,LOC-06 + LOC-03,,TODO,,
S21-21C,21,21C,1/1,6,LOC-06 + LOC-03,,TODO,,
S21-21D-a,21,21D,1/2,5,LOC-06 + LOC-03,,TODO,,
S21-21D-b,21,21D,2/2,4,LOC-06 + LOC-03,,TODO,,
S21-21E,21,21E,1/1,8,LOC-06 + LOC-03,,TODO,,
S21-21F,21,21F,1/1,6,LOC-06 + LOC-03,,TODO,,
S21-21G-a,21,21G,1/2,5,LOC-06 + LOC-03,,TODO,,
S21-21G-b,21,21G,2/2,5,LOC-06 + LOC-03,,TODO,,
S21-21H-a,21,21H,1/2,5,LOC-06 + LOC-03,,TODO,,
S21-21H-b,21,21H,2/2,5,LOC-06 + LOC-03,,TODO,,
S21-21I-a,21,21I,1/2,5,LOC-06 + LOC-03,,TODO,,
S21-21I-b,21,21I,2/2,4,LOC-06 + LOC-03,,TODO,,
S22-22A-a,22,22A,1/2,6,LOC-08,,TODO,,
S22-22A-b,22,22A,2/2,5,LOC-08,,TODO,,
S22-22B,22,22B,1/1,8,LOC-08,,TODO,,
S22-22C,22,22C,1/1,4,LOC-08,,TODO,,
S22-22D-a,22,22D,1/2,5,LOC-08,,TODO,,
S22-22D-b,22,22D,2/2,4,LOC-08,,TODO,,
S22-22E-a,22,22E,1/2,5,LOC-08,,TODO,,
S22-22E-b,22,22E,2/2,5,LOC-08,,TODO,,
S22-22F-a,22,22F,1/2,5,LOC-08,,TODO,,
S22-22F-b,22,22F,2/2,5,LOC-08,,TODO,,
S22-22G-a,22,22G,1/2,5,LOC-08,,TODO,,
S22-22G-b,22,22G,2/2,5,LOC-08,,TODO,,
S22-22H,22,22H,1/1,7,LOC-08,,TODO,,
S22-22I-a,22,22I,1/3,6,LOC-08,,TODO,,
S22-22I-b,22,22I,2/3,6,LOC-08,,TODO,,
S22-22I-c,22,22I,3/3,6,LOC-08,,TODO,,
S22-22J-a,22,22J,1/2,6,LOC-08,,TODO,,
S22-22J-b,22,22J,2/2,6,LOC-08,,TODO,,
S22-22K-a,22,22K,1/2,5,LOC-08,,TODO,,
S22-22K-b,22,22K,2/2,4,LOC-08,,TODO,,
S23-23A,23,23A,1/1,8,LOC-02 + LOC-03,,TODO,,
S23-23B-a,23,23B,1/2,5,LOC-02 + LOC-03,,TODO,,
S23-23B-b,23,23B,2/2,4,LOC-02 + LOC-03,,TODO,,
S23-23C-a,23,23C,1/2,5,LOC-02 + LOC-03,,TODO,,
S23-23C-b,23,23C,2/2,4,LOC-02 + LOC-03,,TODO,,
S23-23D,23,23D,1/1,8,LOC-02 + LOC-03,,TODO,,
S23-23E-a,23,23E,1/4,7,LOC-02 + LOC-03,,TODO,,
S23-23E-b,23,23E,2/4,7,LOC-02 + LOC-03,,TODO,,
S23-23E-c,23,23E,3/4,6,LOC-02 + LOC-03,,TODO,,
S23-23E-d,23,23E,4/4,6,LOC-02 + LOC-03,,TODO,,
S23-23F,23,23F,1/1,6,LOC-02 + LOC-03,,TODO,,
S23-23G-a,23,23G,1/3,8,LOC-02 + LOC-03,,TODO,,
S23-23G-b,23,23G,2/3,8,LOC-02 + LOC-03,,TODO,,
S23-23G-c,23,23G,3/3,8,LOC-02 + LOC-03,,TODO,,
S23-23H,23,23H,1/1,8,LOC-02 + LOC-03,,TODO,,
S23-23I-a,23,23I,1/2,6,LOC-02 + LOC-03,,TODO,,
S23-23I-b,23,23I,2/2,5,LOC-02 + LOC-03,,TODO,,
S23-23J-a,23,23J,1/2,5,LOC-02 + LOC-03,,TODO,,
S23-23J-b,23,23J,2/2,5,LOC-02 + LOC-03,,TODO,,
S24-24A-a,24,24A,1/2,6,open sea → LOC-08 ext,,TODO,,
S24-24A-b,24,24A,2/2,5,open sea → LOC-08 ext,,TODO,,
S24-24B-a,24,24B,1/2,5,open sea → LOC-08 ext,,TODO,,
S24-24B-b,24,24B,2/2,5,open sea → LOC-08 ext,,TODO,,
S24-24C,24,24C,1/1,8,open sea → LOC-08 ext,,TODO,,
S24-24D,24,24D,1/1,6,open sea → LOC-08 ext,,TODO,,
S24-24E-a,24,24E,1/2,6,open sea → LOC-08 ext,,TODO,,
S24-24E-b,24,24E,2/2,6,open sea → LOC-08 ext,,TODO,,
S24-24F,24,24F,1/1,8,open sea → LOC-08 ext,,TODO,,
S25-25A,25,25A,1/1,8,LOC-08,,TODO,,
S25-25B-a,25,25B,1/2,5,LOC-08,,TODO,,
S25-25B-b,25,25B,2/2,4,LOC-08,,TODO,,
S25-25C-a,25,25C,1/2,7,LOC-08,,TODO,,
S25-25C-b,25,25C,2/2,6,LOC-08,,TODO,,
S25-25D,25,25D,1/1,6,LOC-08,,TODO,,
S25-25E,25,25E,1/1,7,LOC-08,,TODO,,
S25-25F-a,25,25F,1/2,5,LOC-08,,TODO,,
S25-25F-b,25,25F,2/2,4,LOC-08,,TODO,,
S25-25G,25,25G,1/1,7,LOC-08,,TODO,,
S25-25H,25,25H,1/1,8,LOC-08,,TODO,,
S25-25I,25,25I,1/1,8,LOC-08,,TODO,,
S26-26A-a,26,26A,1/2,5,LOC-08,,TODO,,
S26-26A-b,26,26A,2/2,4,LOC-08,,TODO,,
S26-26B,26,26B,1/1,6,LOC-08,,TODO,,
S26-26C,26,26C,1/1,6,LOC-08,,TODO,,
S26-26D,26,26D,1/1,6,LOC-08,,TODO,,
S26-26E,26,26E,1/1,7,LOC-08,,TODO,,
S26-26F-a,26,26F,1/2,5,LOC-08,,TODO,,
S26-26F-b,26,26F,2/2,4,LOC-08,,TODO,,
S26-26G,26,26G,1/1,7,LOC-08,,TODO,,
S26-26H,26,26H,1/1,4,LOC-08,,TODO,,
S26-26I,26,26I,1/1,7,LOC-08,,TODO,,
S26-26J,26,26J,1/1,7,LOC-08,,TODO,,
S26-26K,26,26K,1/1,8,LOC-08,,TODO,,
S26-26L-a,26,26L,1/2,5,LOC-08,,TODO,,
S26-26L-b,26,26L,2/2,5,LOC-08,,TODO,,
S27-27A-a,27,27A,1/2,5,LOC-08,,TODO,,
S27-27A-b,27,27A,2/2,4,LOC-08,,TODO,,
S27-27B,27,27B,1/1,7,LOC-08,,TODO,,
S27-27C,27,27C,1/1,5,LOC-08,,TODO,,
S27-27D,27,27D,1/1,8,LOC-08,,TODO,,
S27-27E-a,27,27E,1/2,7,LOC-08,,TODO,,
S27-27E-b,27,27E,2/2,7,LOC-08,,TODO,,
S27-27F,27,27F,1/1,7,LOC-08,,TODO,,
S27-27G-a,27,27G,1/2,5,LOC-08,,TODO,,
S27-27G-b,27,27G,2/2,5,LOC-08,,TODO,,
S27-27H-a,27,27H,1/2,7,LOC-08,,TODO,,
S27-27H-b,27,27H,2/2,7,LOC-08,,TODO,,
S27-27I-a,27,27I,1/2,6,LOC-08,,TODO,,
S27-27I-b,27,27I,2/2,5,LOC-08,,TODO,,
S27-27J-a,27,27J,1/2,6,LOC-08,,TODO,,
S27-27J-b,27,27J,2/2,6,LOC-08,,TODO,,
S27-27K-a,27,27K,1/2,5,LOC-08,,TODO,,
S27-27K-b,27,27K,2/2,4,LOC-08,,TODO,,
S27-27L-a,27,27L,1/2,6,LOC-08,,TODO,,
S27-27L-b,27,27L,2/2,6,LOC-08,,TODO,,
S28-28A-a,28,28A,1/2,6,LOC-09,,TODO,,
S28-28A-b,28,28A,2/2,6,LOC-09,,TODO,,
S28-28B-a,28,28B,1/2,5,LOC-09,,TODO,,
S28-28B-b,28,28B,2/2,4,LOC-09,,TODO,,
S28-28C,28,28C,1/1,8,LOC-09,,TODO,,
S28-28D,28,28D,1/1,8,LOC-09,,TODO,,
S28-28E,28,28E,1/1,6,LOC-09,,TODO,,
S28-28F,28,28F,1/1,8,LOC-09,,TODO,,
S28-28G-a,28,28G,1/2,8,LOC-09,,TODO,,
S28-28G-b,28,28G,2/2,8,LOC-09,,TODO,,
S28-28H-a,28,28H,1/2,5,LOC-09,,TODO,,
S28-28H-b,28,28H,2/2,4,LOC-09,,TODO,,
S28-28I,28,28I,1/1,6,LOC-09,,TODO,,
S28-28J-a,28,28J,1/2,7,LOC-09,,TODO,,
S28-28J-b,28,28J,2/2,6,LOC-09,,TODO,,
S28-28K,28,28K,1/1,5,LOC-09,,TODO,,
S28-28L-a,28,28L,1/3,8,LOC-09,,TODO,,
S28-28L-b,28,28L,2/3,7,LOC-09,,TODO,,
S28-28L-c,28,28L,3/3,7,LOC-09,,TODO,,
S28-28M-a,28,28M,1/2,5,LOC-09,,TODO,,
S28-28M-b,28,28M,2/2,5,LOC-09,,TODO,,
S28-28N-a,28,28N,1/2,5,LOC-09,,TODO,,
S28-28N-b,28,28N,2/2,4,LOC-09,,TODO,,
S29-29A,29,29A,1/1,8,LOC-09 → LOC-08,,TODO,,
S29-29B,29,29B,1/1,5,LOC-09 → LOC-08,,TODO,,
S29-29C-a,29,29C,1/2,5,LOC-09 → LOC-08,,TODO,,
S29-29C-b,29,29C,2/2,5,LOC-09 → LOC-08,,TODO,,
S29-29D-a,29,29D,1/2,5,LOC-09 → LOC-08,,TODO,,
S29-29D-b,29,29D,2/2,4,LOC-09 → LOC-08,,TODO,,
S29-29E,29,29E,1/1,8,LOC-09 → LOC-08,,TODO,,
S29-29F-a,29,29F,1/2,5,LOC-09 → LOC-08,,TODO,,
S29-29F-b,29,29F,2/2,4,LOC-09 → LOC-08,,TODO,,
S29-29G-a,29,29G,1/2,5,LOC-09 → LOC-08,,TODO,,
S29-29G-b,29,29G,2/2,4,LOC-09 → LOC-08,,TODO,,
S29-29H,29,29H,1/1,6,LOC-09 → LOC-08,,TODO,,
S29-29I-a,29,29I,1/2,5,LOC-09 → LOC-08,,TODO,,
S29-29I-b,29,29I,2/2,4,LOC-09 → LOC-08,,TODO,,
S29-29J,29,29J,1/1,8,LOC-09 → LOC-08,,TODO,,
S29-29K-a,29,29K,1/2,5,LOC-09 → LOC-08,,TODO,,
S29-29K-b,29,29K,2/2,5,LOC-09 → LOC-08,,TODO,,
S29-29L-a,29,29L,1/2,5,LOC-09 → LOC-08,,TODO,,
S29-29L-b,29,29L,2/2,4,LOC-09 → LOC-08,,TODO,,
S29-29M-a,29,29M,1/2,7,LOC-09 → LOC-08,,TODO,,
S29-29M-b,29,29M,2/2,7,LOC-09 → LOC-08,,TODO,,
S29-29N,29,29N,1/1,8,LOC-09 → LOC-08,,TODO,,
S29-29O-a,29,29O,1/2,6,LOC-09 → LOC-08,,TODO,,
S29-29O-b,29,29O,2/2,6,LOC-09 → LOC-08,,TODO,,
S29-29P-a,29,29P,1/2,5,LOC-09 → LOC-08,,TODO,,
S29-29P-b,29,29P,2/2,5,LOC-09 → LOC-08,,TODO,,
S30-30A-a,30,30A,1/2,6,LOC-03 + LOC-10,,TODO,,
S30-30A-b,30,30A,2/2,6,LOC-03 + LOC-10,,TODO,,
S30-30B,30,30B,1/1,8,LOC-03 + LOC-10,,TODO,,
S30-30C-a,30,30C,1/2,6,LOC-03 + LOC-10,,TODO,,
S30-30C-b,30,30C,2/2,5,LOC-03 + LOC-10,,TODO,,
S30-30D,30,30D,1/1,8,LOC-03 + LOC-10,,TODO,,
S30-30E-a,30,30E,1/2,5,LOC-03 + LOC-10,,TODO,,
S30-30E-b,30,30E,2/2,4,LOC-03 + LOC-10,,TODO,,
S30-30F-a,30,30F,1/2,6,LOC-03 + LOC-10,,TODO,,
S30-30F-b,30,30F,2/2,5,LOC-03 + LOC-10,,TODO,,
S30-30G-a,30,30G,1/3,6,LOC-03 + LOC-10,,TODO,,
S30-30G-b,30,30G,2/3,6,LOC-03 + LOC-10,,TODO,,
S30-30G-c,30,30G,3/3,6,LOC-03 + LOC-10,,TODO,,
S30-30H-a,30,30H,1/2,5,LOC-03 + LOC-10,,TODO,,
S30-30H-b,30,30H,2/2,4,LOC-03 + LOC-10,,TODO,,
S30-30I-a,30,30I,1/2,5,LOC-03 + LOC-10,,TODO,,
S30-30I-b,30,30I,2/2,4,LOC-03 + LOC-10,,TODO,,
S30-30J-a,30,30J,1/2,5,LOC-03 + LOC-10,,TODO,,
S30-30J-b,30,30J,2/2,4,LOC-03 + LOC-10,,TODO,,
S30-30K,30,30K,1/1,8,LOC-03 + LOC-10,,TODO,,
S30-30L,30,30L,1/1,5,LOC-03 + LOC-10,,TODO,,
S30-30M-a,30,30M,1/2,5,LOC-03 + LOC-10,,TODO,,
S30-30M-b,30,30M,2/2,4,LOC-03 + LOC-10,,TODO,,
S30-30N-a,30,30N,1/2,5,LOC-03 + LOC-10,,TODO,,
S30-30N-b,30,30N,2/2,5,LOC-03 + LOC-10,,TODO,,
S30-30O-a,30,30O,1/3,6,LOC-03 + LOC-10,,TODO,,
S30-30O-b,30,30O,2/3,6,LOC-03 + LOC-10,,TODO,,
S30-30O-c,30,30O,3/3,6,LOC-03 + LOC-10,,TODO,,
S30-30P-a,30,30P,1/2,5,LOC-03 + LOC-10,,TODO,,
S30-30P-b,30,30P,2/2,5,LOC-03 + LOC-10,,TODO,,
S30-30Q-a,30,30Q,1/3,8,LOC-03 + LOC-10,,TODO,,
S30-30Q-b,30,30Q,2/3,7,LOC-03 + LOC-10,,TODO,,
S30-30Q-c,30,30Q,3/3,7,LOC-03 + LOC-10,,TODO,,
